{"cameraMode":{"drawMode":0,"name":"Shaded","section":"Shading Mode"},"sceneLighting":true,"audioPlay":false,"sceneViewState":{"showFog":true,"showMaterialUpdate":false,"showSkybox":true,"showFlares":true,"showImageEffects":true,"showParticleSystems":true,"showVisualEffectGraphs":true,"m_FxEnabled":true},"in2DMode":false,"pivot":{"x":-0.5087040066719055,"y":2.3822052478790285,"z":0.7714533805847168},"rotation":{"x":-0.17741519212722779,"y":0.18970249593257905,"z":-0.03487464413046837,"w":-0.9650525450706482},"size":1.8937296867370606,"orthographic":false}