{"cameraMode":{"drawMode":0,"name":"Shaded","section":"Shading Mode"},"sceneLighting":true,"audioPlay":false,"sceneViewState":{"showFog":true,"showMaterialUpdate":false,"showSkybox":true,"showFlares":true,"showImageEffects":true,"showParticleSystems":true,"showVisualEffectGraphs":true,"m_FxEnabled":true},"in2DMode":false,"pivot":{"x":-2.509636163711548,"y":1.3291189670562745,"z":10.45118236541748},"rotation":{"x":0.013198119588196278,"y":-0.013802382163703442,"z":0.0001829725515563041,"w":0.9998211860656738},"size":6.006103038787842,"orthographic":false}