{"cameraMode":{"drawMode":0,"name":"Shaded","section":"Shading Mode"},"sceneLighting":true,"audioPlay":false,"sceneViewState":{"showFog":true,"showMaterialUpdate":false,"showSkybox":true,"showFlares":true,"showImageEffects":true,"showParticleSystems":true,"showVisualEffectGraphs":true,"m_FxEnabled":true},"in2DMode":false,"pivot":{"x":0.5495296716690064,"y":1.3758761882781983,"z":-0.00032295286655426025},"rotation":{"x":0.06438136845827103,"y":-0.04788178578019142,"z":0.0030942074954509737,"w":0.9967783689498901},"size":1.8449079990386963,"orthographic":false}