{"cameraMode":{"drawMode":0,"name":"Shaded","section":"Shading Mode"},"sceneLighting":true,"audioPlay":false,"sceneViewState":{"showFog":true,"showMaterialUpdate":false,"showSkybox":true,"showFlares":true,"showImageEffects":true,"showParticleSystems":true,"showVisualEffectGraphs":true,"m_FxEnabled":true},"in2DMode":false,"pivot":{"x":-0.28721243143081667,"y":1.2800312042236329,"z":-0.6539908051490784},"rotation":{"x":0.1595665067434311,"y":-0.14514705538749696,"z":0.023681465536355974,"w":0.9762470126152039},"size":2.657660722732544,"orthographic":false}