{"cameraMode":{"drawMode":0,"name":"Shaded","section":"Shading Mode"},"sceneLighting":true,"audioPlay":false,"sceneViewState":{"showFog":true,"showMaterialUpdate":false,"showSkybox":true,"showFlares":true,"showImageEffects":true,"showParticleSystems":true,"showVisualEffectGraphs":true,"m_FxEnabled":true},"in2DMode":false,"pivot":{"x":-0.9096289277076721,"y":2.7556610107421877,"z":6.557516574859619},"rotation":{"x":0.16262999176979066,"y":-0.33143720030784609,"z":0.058601390570402148,"w":0.9276765584945679},"size":3.884014368057251,"orthographic":false}