{"cameraMode":{"drawMode":0,"name":"Shaded","section":"Shading Mode"},"sceneLighting":true,"audioPlay":false,"sceneViewState":{"showFog":true,"showMaterialUpdate":false,"showSkybox":true,"showFlares":true,"showImageEffects":true,"showParticleSystems":true,"showVisualEffectGraphs":true,"m_FxEnabled":true},"in2DMode":false,"pivot":{"x":0.00029099732637405396,"y":1.4069247245788575,"z":-0.00344143807888031},"rotation":{"x":0.05678696185350418,"y":-0.930271565914154,"z":0.3236483931541443,"w":0.16322503983974458},"size":1.900918960571289,"orthographic":false}